{
  "out_root": "/root/dq_benchmarks/out/raha_noise_union_20260207_174014",
  "datasets": 7,
  "agg": {
    "base": {
      "macro_cell_f1": 0.7609613146717162,
      "macro_row_f1": 0.8590083566357949,
      "micro_cell": {
        "tp": 15496,
        "fp": 3711,
        "fn": 3704,
        "precision": 0.8067891914406206,
        "recall": 0.8070833333333334,
        "f1": 0.8069362355820554
      },
      "micro_row": {
        "tp": 11129,
        "fp": 719,
        "fn": 2419,
        "precision": 0.9393146522619852,
        "recall": 0.8214496604664895,
        "f1": 0.8764372342101119
      }
    },
    "union": {
      "macro_cell_f1": 0.8177596258764365,
      "macro_row_f1": 0.9158702598566256,
      "micro_cell": {
        "tp": 16662,
        "fp": 3721,
        "fn": 2538,
        "precision": 0.8174459108080263,
        "recall": 0.8678125,
        "f1": 0.8418765631710583
      },
      "micro_row": {
        "tp": 12288,
        "fp": 724,
        "fn": 1260,
        "precision": 0.9443590531816785,
        "recall": 0.9069973427812223,
        "f1": 0.9253012048192772
      }
    },
    "delta": {
      "macro_cell_f1": 0.05679831120472023,
      "macro_row_f1": 0.056861903220830734,
      "micro_cell_f1": 0.034940327589002895,
      "micro_row_f1": 0.048863970609165364
    }
  },
  "per_dataset": [
    {
      "dataset": "raha/movies_1",
      "truth_err_cells": 7006,
      "predicted_cells": 6990,
      "cell_precision_base": 0.8878397711015736,
      "cell_recall_base": 0.8858121610048529,
      "cell_f1_base": 0.8868248070877394,
      "cell_precision_union": 0.8866980997285326,
      "cell_recall_union": 0.8858121610048529,
      "cell_f1_union": 0.8862549089610853,
      "delta_cell_f1": -0.0005698981266540892,
      "row_precision_base": 0.9386992698250977,
      "row_recall_base": 1.0,
      "row_f1_base": 0.9683804852413069,
      "row_precision_union": 0.9379029521547336,
      "row_recall_union": 1.0,
      "row_f1_union": 0.9679565750306427,
      "delta_row_f1": -0.0004239102106642356
    },
    {
      "dataset": "raha/rayyan",
      "truth_err_cells": 948,
      "predicted_cells": 2391,
      "cell_precision_base": 0.3028021748222501,
      "cell_recall_base": 0.7637130801687764,
      "cell_f1_base": 0.4336627732854148,
      "cell_precision_union": 0.30267558528428096,
      "cell_recall_union": 0.7637130801687764,
      "cell_f1_union": 0.43353293413173655,
      "delta_cell_f1": -0.00012983915367825727,
      "row_precision_base": 0.8120218579234972,
      "row_recall_base": 0.9599483204134367,
      "row_f1_base": 0.8798105387803433,
      "row_precision_union": 0.8120218579234972,
      "row_recall_union": 0.9599483204134367,
      "row_f1_union": 0.8798105387803433,
      "delta_row_f1": 0.0
    },
    {
      "dataset": "raha/flights",
      "truth_err_cells": 4920,
      "predicted_cells": 4606,
      "cell_precision_base": 1.0,
      "cell_recall_base": 0.9361788617886179,
      "cell_f1_base": 0.9670375813562881,
      "cell_precision_union": 1.0,
      "cell_recall_union": 0.9361788617886179,
      "cell_f1_union": 0.9670375813562881,
      "delta_cell_f1": 0.0,
      "row_precision_base": 1.0,
      "row_recall_base": 0.9679621848739496,
      "row_f1_base": 0.9837203095809982,
      "row_precision_union": 1.0,
      "row_recall_union": 0.9679621848739496,
      "row_f1_union": 0.9837203095809982,
      "delta_row_f1": 0.0
    },
    {
      "dataset": "raha/beers",
      "truth_err_cells": 3357,
      "predicted_cells": 4429,
      "cell_precision_base": 0.7579589072025288,
      "cell_recall_base": 1.0,
      "cell_f1_base": 0.8623169791934241,
      "cell_precision_union": 0.7579589072025288,
      "cell_recall_union": 1.0,
      "cell_f1_union": 0.8623169791934241,
      "delta_cell_f1": 0.0,
      "row_precision_base": 1.0,
      "row_recall_base": 1.0,
      "row_f1_base": 1.0,
      "row_precision_union": 1.0,
      "row_recall_union": 1.0,
      "row_f1_union": 1.0,
      "delta_row_f1": 0.0
    },
    {
      "dataset": "raha/hospital",
      "truth_err_cells": 0,
      "predicted_cells": 0,
      "cell_precision_base": 1.0,
      "cell_recall_base": 1.0,
      "cell_f1_base": 1.0,
      "cell_precision_union": 1.0,
      "cell_recall_union": 1.0,
      "cell_f1_union": 1.0,
      "delta_cell_f1": 0.0,
      "row_precision_base": 1.0,
      "row_recall_base": 1.0,
      "row_f1_base": 1.0,
      "row_precision_union": 1.0,
      "row_recall_union": 1.0,
      "row_f1_union": 1.0,
      "delta_row_f1": 0.0
    },
    {
      "dataset": "raha/toy",
      "truth_err_cells": 3,
      "predicted_cells": 4,
      "cell_precision_base": 0.75,
      "cell_recall_base": 1.0,
      "cell_f1_base": 0.8571428571428571,
      "cell_precision_union": 0.75,
      "cell_recall_union": 1.0,
      "cell_f1_union": 0.8571428571428571,
      "delta_cell_f1": 0.0,
      "row_precision_base": 0.75,
      "row_recall_base": 1.0,
      "row_f1_base": 0.8571428571428571,
      "row_precision_union": 0.75,
      "row_recall_union": 1.0,
      "row_f1_union": 0.8571428571428571,
      "delta_row_f1": 0.0
    },
    {
      "dataset": "raha/tax",
      "truth_err_cells": 2966,
      "predicted_cells": 787,
      "cell_precision_base": 0.7623888182973316,
      "cell_recall_base": 0.20229265003371544,
      "cell_f1_base": 0.31974420463629094,
      "cell_precision_union": 0.9042498719918075,
      "cell_recall_union": 0.5954146999325691,
      "cell_f1_union": 0.7180321203496645,
      "delta_cell_f1": 0.3982879157133735,
      "row_precision_base": 0.7649301143583227,
      "row_recall_base": 0.20553089791737794,
      "row_f1_base": 0.32400430570505917,
      "row_precision_union": 0.9049331963001028,
      "row_recall_union": 0.601229088426084,
      "row_f1_union": 0.7224615384615385,
      "delta_row_f1": 0.3984572327564793
    }
  ]
}