dataset,cell_tp,cell_fp,cell_fn,cell_precision,cell_recall,cell_f1,row_tp,row_fp,row_fn,row_precision,row_recall,row_f1
raha/beers,3357,1072,0,0.7579589072025288,1.0,0.8623169791934241,2410,0,0,1.0,1.0,1.0
raha/flights,4606,0,314,1.0,0.9361788617886179,0.9670375813562881,1843,0,61,1.0,0.9679621848739496,0.9837203095809982
raha/hospital,0,0,0,0.0,0.0,0.0,0,0,0,0.0,0.0,0.0
raha/movies_1,6206,793,800,0.8866980997285326,0.8858121610048529,0.8862549089610853,5528,366,0,0.9379029521547336,1.0,0.9679565750306427
raha/rayyan,724,1668,224,0.30267558528428096,0.7637130801687764,0.43353293413173655,743,172,31,0.8120218579234972,0.9599483204134367,0.8798105387803433
raha/tax,1766,187,1200,0.9042498719918075,0.5954146999325691,0.7180321203496645,1761,185,1168,0.9049331963001028,0.601229088426084,0.7224615384615385
raha/toy,3,1,0,0.75,1.0,0.8571428571428571,3,1,0,0.75,1.0,0.8571428571428571
