dataset,rows,cols,truth_err_cells,predicted_cells,cell_tp,cell_fp,cell_fn,cell_precision,cell_recall,cell_f1,row_tp,row_fp,row_fn,row_precision,row_recall,row_f1
raha/beers,2410,9,3357,4429,3357,1072,0,0.7579589072025288,1.0,0.8623169791934241,2410,0,0,1.0,1.0,1.0
raha/flights,2376,7,4920,4606,4606,0,314,1.0,0.9361788617886179,0.9670375813562881,1843,0,61,1.0,0.9679621848739496,0.9837203095809982
raha/hospital,1000,1,0,0,0,0,0,1.0,1.0,1.0,0,0,0,1.0,1.0,1.0
raha/movies_1,7390,17,7006,6990,6206,784,800,0.8878397711015736,0.8858121610048529,0.8868248070877394,5528,361,0,0.9386992698250977,1.0,0.9683804852413069
raha/rayyan,1000,11,948,2391,724,1667,224,0.3028021748222501,0.7637130801687764,0.4336627732854148,743,172,31,0.8120218579234972,0.9599483204134367,0.8798105387803433
raha/tax,200000,15,2966,787,600,187,2366,0.7623888182973316,0.20229265003371544,0.31974420463629094,602,185,2327,0.7649301143583227,0.20553089791737794,0.32400430570505917
raha/toy,6,3,3,4,3,1,0,0.75,1.0,0.8571428571428571,3,1,0,0.75,1.0,0.8571428571428571
