{
  "clean": {
    "datasets": 14,
    "macro_cell_f1": 0.8463179584199884,
    "macro_row_f1": 0.8575365293041407,
    "micro_cell_f1": 0.05652558144370628,
    "micro_row_f1": 0.10477198072542977,
    "cell_tp_fp_fn": [
      40776,
      917613,
      443580
    ],
    "row_tp_fp_fn": [
      45356,
      455137,
      319955
    ]
  },
  "dirty": {
    "datasets": 14,
    "macro_cell_f1": 0.20041556610360337,
    "macro_row_f1": 0.2121781429365419,
    "micro_cell_f1": 0.010961858379770364,
    "micro_row_f1": 0.03587002711259808,
    "cell_tp_fp_fn": [
      7726,
      917533,
      476630
    ],
    "row_tp_fp_fn": [
      14983,
      455111,
      350328
    ]
  }
}