{
  "clean": {
    "datasets": 7,
    "macro_cell_f1": 0.6849552226089741,
    "macro_row_f1": 0.8242429930216695,
    "micro_cell_f1": 0.22717662886796078,
    "micro_row_f1": 0.20950758221162036,
    "cell_tp_fp_fn": [
      15957,
      105323,
      3244
    ],
    "row_tp_fp_fn": [
      12296,
      91535,
      1253
    ]
  },
  "dirty": {
    "datasets": 7,
    "macro_cell_f1": 0.35873737466067546,
    "macro_row_f1": 0.5882838424083896,
    "micro_cell_f1": 0.05878560498372676,
    "micro_row_f1": 0.14278772672256138,
    "cell_tp_fp_fn": [
      3784,
      104080,
      17091
    ],
    "row_tp_fp_fn": [
      8081,
      91389,
      5638
    ]
  }
}