{
  "clean": {
    "datasets": 7,
    "macro_cell_f1": 0.817778174326962,
    "macro_row_f1": 0.9158702598566257,
    "micro_cell_f1": 0.841897832348037,
    "micro_row_f1": 0.9253012048192772,
    "cell_tp_fp_fn": [
      16662,
      3720,
      2538
    ],
    "row_tp_fp_fn": [
      12288,
      724,
      1260
    ]
  },
  "dirty": {
    "datasets": 7,
    "macro_cell_f1": 0.40557992950428895,
    "macro_row_f1": 0.5936991316344814,
    "micro_cell_f1": 0.3037763253449528,
    "micro_row_f1": 0.46688266850799387,
    "cell_tp_fp_fn": [
      4183,
      3488,
      15686
    ],
    "row_tp_fp_fn": [
      4395,
      714,
      9323
    ]
  }
}